<?xml version="1.0" encoding="UTF-8"?>
<FileZilla3 version="3.25.2" platform="mac">
	<Settings>
		<Setting name="Use Pasv mode">1</Setting>
		<Setting name="Limit local ports">0</Setting>
		<Setting name="Limit ports low">6000</Setting>
		<Setting name="Limit ports high">7000</Setting>
		<Setting name="Limit ports offset">0</Setting>
		<Setting name="External IP mode">0</Setting>
		<Setting name="External IP" />
		<Setting name="External address resolver">http://ip.filezilla-project.org/ip.php</Setting>
		<Setting name="Last resolved IP" />
		<Setting name="No external ip on local conn">1</Setting>
		<Setting name="Pasv reply fallback mode">0</Setting>
		<Setting name="Timeout">20</Setting>
		<Setting name="Logging Debug Level">0</Setting>
		<Setting name="Logging Raw Listing">0</Setting>
		<Setting name="fzsftp executable" />
		<Setting name="Allow transfermode fallback">1</Setting>
		<Setting name="Reconnect count">2</Setting>
		<Setting name="Reconnect delay">5</Setting>
		<Setting name="Enable speed limits">0</Setting>
		<Setting name="Speedlimit inbound">1000</Setting>
		<Setting name="Speedlimit outbound">100</Setting>
		<Setting name="Speedlimit burst tolerance">0</Setting>
		<Setting name="Preallocate space">0</Setting>
		<Setting name="View hidden files">0</Setting>
		<Setting name="Preserve timestamps">0</Setting>
		<Setting name="Socket recv buffer size (v2)">4194304</Setting>
		<Setting name="Socket send buffer size (v2)">262144</Setting>
		<Setting name="FTP Keep-alive commands">0</Setting>
		<Setting name="FTP Proxy type">0</Setting>
		<Setting name="FTP Proxy host" />
		<Setting name="FTP Proxy user" />
		<Setting name="FTP Proxy password" />
		<Setting name="FTP Proxy login sequence" />
		<Setting name="SFTP keyfiles" />
		<Setting name="SFTP compression">0</Setting>
		<Setting name="Proxy type">0</Setting>
		<Setting name="Proxy host" />
		<Setting name="Proxy port">0</Setting>
		<Setting name="Proxy user" />
		<Setting name="Proxy password" />
		<Setting name="Logging file" />
		<Setting name="Logging filesize limit">10</Setting>
		<Setting name="Logging show detailed logs">0</Setting>
		<Setting name="Size format">0</Setting>
		<Setting name="Size thousands separator">1</Setting>
		<Setting name="Size decimal places">1</Setting>
		<Setting name="TCP Keepalive Interval">15</Setting>
		<Setting name="Cache TTL">600</Setting>
		<Setting name="Number of Transfers">2</Setting>
		<Setting name="Ascii Binary mode">0</Setting>
		<Setting name="Auto Ascii files">am|asp|bat|c|cfm|cgi|conf|cpp|css|dhtml|diz|h|hpp|htm|html|in|inc|java|js|jsp|lua|m4|mak|md5|nfo|nsi|pas|patch|php|phtml|pl|po|py|qmail|sh|sha1|sha256|sha512|shtml|sql|svg|tcl|tpl|txt|vbs|xhtml|xml|xrc</Setting>
		<Setting name="Auto Ascii no extension">1</Setting>
		<Setting name="Auto Ascii dotfiles">1</Setting>
		<Setting name="Language Code" />
		<Setting name="Last Server Path" />
		<Setting name="Concurrent download limit">0</Setting>
		<Setting name="Concurrent upload limit">0</Setting>
		<Setting name="Update Check">1</Setting>
		<Setting name="Update Check Interval">7</Setting>
		<Setting name="Last automatic update check">2017-05-25 06:47:56</Setting>
		<Setting name="Last automatic update version">3.25.2</Setting>
		<Setting name="Update Check New Version">nightly 2017-05-25 http://filezilla-project.org/nightlies/2017-05-25/x86_64-apple-darwin13.4.0/FileZilla3.app.tar.bz2 8977729 sha512 cf93200bf7d7e6823fd6e8869611a4da141bef613878d3215b38b48e7d6ad115d407a515c294f99520a2504cf362cd049dcb6f6904a637216bb9215601277cc4 
release 3.25.2 http://downloads.sourceforge.net/filezilla/FileZilla_3.25.2_macosx-x86.app.tar.bz2 8453714 sha512 ff39873ebfabcfd7c69eb8b41ef0af9d5bba7216bf94281ffe66e2aaa1bad8e0b62769fd7a2ac7e4cdcf8486980b8850e805a6aba4dfb996b2827a688005cfea
</Setting>
		<Setting name="Update Check Check Beta">0</Setting>
		<Setting name="Show debug menu">0</Setting>
		<Setting name="File exists action download">0</Setting>
		<Setting name="File exists action upload">0</Setting>
		<Setting name="Allow ascii resume">0</Setting>
		<Setting name="Greeting version">3.25.2</Setting>
		<Setting name="Greeting resources" />
		<Setting name="Onetime Dialogs" />
		<Setting name="Show Tree Local">1</Setting>
		<Setting name="Show Tree Remote">1</Setting>
		<Setting name="File Pane Layout">0</Setting>
		<Setting name="File Pane Swap">0</Setting>
		<Setting name="Last local directory">/Users/domantasgudeliauskas/</Setting>
		<Setting name="Filelist directory sort">0</Setting>
		<Setting name="Filelist name sort">1</Setting>
		<Setting name="Queue successful autoclear">0</Setting>
		<Setting name="Queue column widths" />
		<Setting name="Local filelist colwidths" />
		<Setting name="Remote filelist colwidths" />
		<Setting name="Window position and size" />
		<Setting name="Splitter positions (v2)" />
		<Setting name="Local filelist sortorder" />
		<Setting name="Remote filelist sortorder" />
		<Setting name="Time Format" />
		<Setting name="Date Format" />
		<Setting name="Show message log">1</Setting>
		<Setting name="Show queue">1</Setting>
		<Setting name="Default editor" />
		<Setting name="Always use default editor">0</Setting>
		<Setting name="Inherit system associations">1</Setting>
		<Setting name="Custom file associations" />
		<Setting name="Comparison mode">1</Setting>
		<Setting name="Comparison threshold">1</Setting>
		<Setting name="Site Manager position" />
		<Setting name="Icon theme">default</Setting>
		<Setting name="Icon scale">125</Setting>
		<Setting name="Timestamp in message log">0</Setting>
		<Setting name="Sitemanager last selected" />
		<Setting name="Local filelist shown columns" />
		<Setting name="Remote filelist shown columns" />
		<Setting name="Local filelist column order" />
		<Setting name="Remote filelist column order" />
		<Setting name="Filelist status bar">1</Setting>
		<Setting name="Filter toggle state">0</Setting>
		<Setting name="Show quickconnect bar">1</Setting>
		<Setting name="Messagelog position">0</Setting>
		<Setting name="Last connected site" />
		<Setting name="File doubleclock action">0</Setting>
		<Setting name="Dir doubleclock action">0</Setting>
		<Setting name="Minimize to tray">0</Setting>
		<Setting name="Search column widths" />
		<Setting name="Search column shown" />
		<Setting name="Search column order" />
		<Setting name="Search window size" />
		<Setting name="Comparison hide identical">0</Setting>
		<Setting name="Search sort order" />
		<Setting name="Edit track local">1</Setting>
		<Setting name="Prevent idle sleep">1</Setting>
		<Setting name="Filteredit window size" />
		<Setting name="Enable invalid char filter">1</Setting>
		<Setting name="Invalid char replace">_</Setting>
		<Setting name="Already connected choice">0</Setting>
		<Setting name="Edit status dialog size" />
		<Setting name="Display current speed">0</Setting>
		<Setting name="Toolbar hidden">0</Setting>
		<Setting name="Strip VMS revisions">0</Setting>
		<Setting name="Show Site Manager on startup">0</Setting>
		<Setting name="Prompt password change">0</Setting>
		<Setting name="Persistent Choices">0</Setting>
		<Setting name="Queue completion action">1</Setting>
		<Setting name="Queue completion command" />
		<Setting name="Drag and Drop disabled">0</Setting>
		<Setting name="Disable update footer">0</Setting>
		<Setting name="Config Location">/Users/domantasgudeliauskas/.config/filezilla/</Setting>
		<Setting name="Kiosk mode">0</Setting>
		<Setting name="Disable update check">0</Setting>
		<Setting name="Cache directory" />
	</Settings>
</FileZilla3>
